chapterId,title,moduleId,effectiveOrder,sourceKind,sourcePath,prerequisiteChapterIds,conceptIds,wordCount,exercises,quizzes,projects,resources,declaredAuditStatus,depthReviewed,resourcesAuditedForRelevance,dependenciesValidated,status,flags
"terminal-shell-fundamentos","Terminal e shell — antes de instalar qualquer coisa","orientation","0","legacy-html-generated-metadata","platform/public/content/chapters/terminal-shell-fundamentos.html","","terminal-terminal-emulator-e-shell-nao-sao-a-mesma-coisa|onde-voce-esta-diretorio-atual-home-e-caminhos|arquivos-criar-copiar-mover-apagar-ler|buscando-coisas-grep-e-find|path-como-o-shell-acha-o-programa-que-voce-pediu|quoting-por-que-espacos-quebram-comandos|redirecionamento-mandando-saida-para-um-arquivo|pipes-conectando-um-comando-ao-outro|composicao-de-comandos-e-exit-status|variaveis-de-ambiente|permissoes-quem-pode-executar-o-que|processos-em-execucao","2525","1","1","0","2","approved","true","true","true","aprovado",""
"intro","Introdução & ambiente","orientation","1","legacy-html-generated-metadata","platform/public/content/chapters/intro.html","","jdk-jre-e-jvm-o-que-cada-um-faz|do-codigo-fonte-ao-programa-rodando|verifique-o-ambiente-antes-de-programar","872","1","1","0","2","approved","false","true","true","aprovado",""
"primeiro-programa","Primeiro programa: escrever, compilar e executar","orientation","2","legacy-html-generated-metadata","platform/public/content/chapters/primeiro-programa.html","intro","o-menor-programa-tradicional|terminal-sem-magica|leitura-de-uma-mensagem-do-compilador|um-exemplo-de-cada-categoria-de-erro|argumentos-de-linha-de-comando","1035","1","1","0","2","approved","false","true","true","aprovado",""
"variaveis-tipos","Variáveis, tipos, memória e conversões","programming-fundamentals","3","legacy-html-generated-metadata","platform/public/content/chapters/variaveis-tipos.html","primeiro-programa","primitivos|valor-primitivo-versus-referencia|literais-e-sufixos|overflow-quando-o-tipo-nao-cabe-o-valor|divisao-inteira-e-promocao-numerica|var-nao-e-tipagem-dinamica|conversao-e-perda","992","1","1","0","2","approved","false","true","true","aprovado",""
"operadores-expressoes","Operadores, expressões e precedência","programming-fundamentals","4","legacy-html-generated-metadata","platform/public/content/chapters/operadores-expressoes.html","variaveis-tipos","curto-circuito|nao-e-igualdade-de-conteudo-para-objetos|incremento-decremento-e-atribuicao-composta|precedencia-e-associatividade","710","1","1","0","2","approved","false","true","true","aprovado",""
"controle-fluxo","Decisões: if, else e switch","programming-fundamentals","5","legacy-html-generated-metadata","platform/public/content/chapters/controle-fluxo.html","operadores-expressoes","switch-como-expressao|switch-statement-classico-e-o-perigo-do-fall-through|guard-clauses-reduzindo-piramides-de-if","671","1","1","0","2","approved","false","true","true","aprovado",""
"lacos-repeticao","Repetição: while, for e controle de laços","programming-fundamentals","6","legacy-html-generated-metadata","platform/public/content/chapters/lacos-repeticao.html","controle-fluxo","erros-de-fronteira-off-by-one|break-e-continue-nao-sao-a-mesma-coisa|lacos-aninhados","679","1","1","0","2","approved","false","true","true","aprovado",""
"arrays-matrizes","Arrays, matrizes e raciocínio por índice","programming-fundamentals","7","legacy-html-generated-metadata","platform/public/content/chapters/arrays-matrizes.html","lacos-repeticao","copia-rasa-e-mutabilidade|valores-default-e-arrays-de-referencias|passagem-para-metodo-e-retorno|arrays-utility-class-pare-de-reinventar|matrizes-sao-arrays-de-arrays","1115","2","1","0","2","approved","false","true","true","aprovado",""
"strings-wrapper","String, imutabilidade e classes wrapper","programming-fundamentals","8","legacy-html-generated-metadata","platform/public/content/chapters/strings-wrapper.html","arrays-matrizes","metodos-de-consulta-mais-usados|concatenacao-repetida|text-blocks-java-15|wrappers-e-autoboxing","872","2","1","0","2","approved","false","true","true","aprovado",""
"metodos-escopo","Métodos, parâmetros, retorno e escopo","programming-fundamentals","9","legacy-html-generated-metadata","platform/public/content/chapters/metodos-escopo.html","strings-wrapper","java-passa-tudo-por-valor|escopo-e-tempo-de-vida|sobrecarga-overload|varargs","825","2","1","0","2","approved","false","true","true","aprovado",""
"entrada-console","Entrada pelo console, parsing e validação","programming-fundamentals","10","legacy-html-generated-metadata","platform/public/content/chapters/entrada-console.html","metodos-escopo","antes-do-codigo-o-que-e-um-programa-de-console|camada-1-seu-primeiro-uso-de-scanner|camada-2-linha-token-e-buffer|camada-3-ler-normalizar-converter-e-validar|camada-4-quando-a-entrada-termina|aprofundamento-dinheiro-e-formato-regional|depois-do-scanner-arquivos-sockets-e-protocolos|uma-previa-nao-um-pre-requisito","1634","1","1","0","2","approved","false","true","true","aprovado",""
"logica-programacao","Lógica de Programação & Pensamento Algorítmico","programming-fundamentals","11","legacy-html-generated-metadata","platform/public/content/chapters/logica-programacao.html","metodos-escopo","o-habito-central-decompor-antes-de-codificar|estruturas-de-controle-como-blocos-de-raciocinio|rastreamento-manual-dry-run-depurando-sem-executar","986","1","1","0","2","approved","false","true","true","aprovado",""
"mini-caixa-eletronico","Mini-projeto: caixa eletrônico no terminal","programming-fundamentals","12","legacy-html-generated-metadata","platform/public/content/chapters/mini-caixa-eletronico.html","entrada-console|logica-programacao","requisitos|casos-de-teste-manuais|checkpoint-antes-de-concluir|execucao-guiada-e-evidencias","544","0","1","1","2","approved","false","true","true","aprovado",""
"classes","Classes e objetos","oop-modeling","13","legacy-html-generated-metadata","platform/public/content/chapters/classes.html","mini-caixa-eletronico","modelo-mental-objeto-referencia-e-memoria","878","2","1","0","2","approved","false","true","true","aprovado",""
"atributos","Atributos e métodos","oop-modeling","14","legacy-html-generated-metadata","platform/public/content/chapters/atributos.html","classes","passagem-de-parametros-sempre-por-valor|sobrecarga-de-metodos-overload-e-como-o-compilador-escolhe","1042","2","1","0","2","approved","false","true","true","aprovado",""
"construtores","Construtores","oop-modeling","15","legacy-html-generated-metadata","platform/public/content/chapters/construtores.html","atributos","sobrecarga-de-construtores-e-encadeamento-com-this|construtor-padrao-quando-ele-existe","901","2","1","0","2","approved","false","true","true","aprovado",""
"encapsulamento","Encapsulamento","oop-modeling","16","legacy-html-generated-metadata","platform/public/content/chapters/encapsulamento.html","construtores","os-quatro-niveis-de-acesso-em-java|encapsulamento-nao-e-so-botar-getters-e-setters|imutabilidade-o-encapsulamento-levado-ao-extremo|o-vazamento-mais-comum-expor-um-array-ou-outro-objeto-mutavel-interno-po","1316","2","2","0","2","approved","false","true","true","aprovado",""
"static","static, final e this","oop-modeling","17","legacy-html-generated-metadata","platform/public/content/chapters/static.html","encapsulamento","static-pertence-a-classe-nao-ao-objeto|final-nao-pode-mudar-depois-de-definido|this-referencia-ao-proprio-objeto","798","2","1","0","2","approved","false","true","true","aprovado",""
"heranca","Herança","oop-modeling","18","legacy-html-generated-metadata","platform/public/content/chapters/heranca.html","static","toda-classe-herda-de-object-mesmo-sem-dizer|heranca-multinivel-e-a-cadeia-de-super","879","2","1","0","2","approved","false","true","true","aprovado",""
"polimorfismo","Polimorfismo","oop-modeling","19","legacy-html-generated-metadata","platform/public/content/chapters/polimorfismo.html","heranca","binding-estatico-e-dinamico-mecanismos-diferentes|downcasting-e-instanceof","962","2","1","0","2","approved","false","true","true","aprovado",""
"abstracao","Classes abstratas","oop-modeling","20","legacy-html-generated-metadata","platform/public/content/chapters/abstracao.html","polimorfismo","uma-classe-abstrata-pode-ter-construtor","807","2","1","0","2","approved","false","true","true","aprovado",""
"interfaces","Interfaces","oop-modeling","21","legacy-html-generated-metadata","platform/public/content/chapters/interfaces.html","abstracao","metodos-default-static-e-private-java-8|interface-vs-classe-abstrata-quando-usar-cada-uma","800","2","1","0","2","approved","false","true","true","aprovado",""
"mini-biblioteca-cli","Mini-projeto: biblioteca orientada a objetos","oop-modeling","24","legacy-html-generated-metadata","platform/public/content/chapters/mini-biblioteca-cli.html","associacoes-cardinalidade","antes-de-programar-escreva-o-contrato|entregaveis|sequencia-segura-de-implementacao|checkpoint-antes-de-concluir|execucao-guiada-e-evidencias","670","0","1","1","2","approved","false","true","true","aprovado",""
"pacotes","Pacotes & organização de projeto","java-core","25","legacy-html-generated-metadata","platform/public/content/chapters/pacotes.html","mini-biblioteca-cli","nome-qualificado-e-import|compilacao-de-dois-pacotes-sem-ferramenta-de-build|visibilidade-dentro-do-pacote|convencao-de-nomes","750","1","1","0","2","approved","false","true","true","aprovado",""
"excecoes","Exceções","java-core","26","legacy-html-generated-metadata","platform/public/content/chapters/excecoes.html","pacotes","a-hierarquia-completa|try-catch-finally-try-with-resources|encadeamento-de-excecoes-exception-chaining","1093","2","1","0","2","approved","false","true","true","aprovado",""
"colecoes","Coleções & ArrayList","java-core","27","legacy-html-generated-metadata","platform/public/content/chapters/colecoes.html","excecoes","a-hierarquia-por-tras-das-tres-interfaces|list-e-arraylist|igualdade-e-hashing-antes-de-set-e-map|set-sem-duplicatas|queue-e-deque-filas-em-duas-variacoes|map-pares-chave-valor|comparable-vs-comparator-dois-jeitos-de-ordenar","2082","4","1","0","2","approved","false","true","true","aprovado",""
"generics","Generics","java-core","28","legacy-html-generated-metadata","platform/public/content/chapters/generics.html","colecoes","por-que-generics-existem|classe-generica-propria|metodo-generico|bounded-types-limitando-quais-tipos-sao-aceitos|generics-sao-invariantes-list-object-nao-e-list-string|multiplos-bounds|varargs-genericos-e-heap-pollution|por-que-new-t-e-new-t-10-nao-compilam|wildcards-extends-e-super","1665","3","1","0","2","approved","false","true","true","aprovado",""
"javamoderno","Java moderno: Optional, var, Date/Time","java-core","30","legacy-html-generated-metadata","platform/public/content/chapters/javamoderno.html","streams","optional-ausencia-explicita-no-retorno|a-api-completa-do-optional-metodo-a-metodo|var-inferencia-de-tipo-local|java-time-datas-modernas|records-e-text-blocks","1107","1","1","0","2","approved","false","true","true","aprovado",""
"java-21-profundo","Java 21: records, sealed types, pattern matching e virtual threads","java-core","33","legacy-html-generated-metadata","platform/public/content/chapters/java-21-profundo.html","jvm-profundo","primeiro-contato-com-os-quatro-recursos|records-como-portadores-de-dados-imutaveis|hierarquias-seladas-e-pattern-matching|virtual-threads-primeiro-o-caso-minimo|muitas-tarefas-independentes-sem-pool-de-virtual-threads","947","1","1","0","2","approved","false","true","true","aprovado",""
"streams","Lambdas & Streams","java-core","29","legacy-html-generated-metadata","platform/public/content/chapters/streams.html","generics","interfaces-funcionais-e-lambdas|captura-de-variaveis-lambda-precisa-de-effectively-final|as-interfaces-funcionais-prontas-do-java-util-function|method-references-lambdas-ainda-mais-curtas|streams-pipeline-de-processamento-de-dados|mais-operacoes-intermediarias-distinct-limit-skip-takewhile-dropwhile|consultas-curto-circuito-anymatch-allmatch-nonematch-findfirst-findany|map-flatmap-e-cardinalidade|reduce-a-operacao-mais-generica|collectors-avancados-partitioningby-e-tomap|parallelstream-nem-sempre-mais-rapido","1893","3","1","0","2","approved","false","true","true","aprovado",""
"java-io","Arquivos, Paths e Java I/O","io-cli-serialization","34","legacy-html-generated-metadata","platform/public/content/chapters/java-io.html","java-21-profundo","path-nao-e-so-uma-string|bytes-caracteres-e-codificacao|texto-pequeno-versus-fluxo-de-dados|falhas-de-i-o-precisam-de-politica|escrita-segura-de-saida|pratica","811","1","1","0","2","approved","false","true","true","aprovado",""
"mini-analisador-vendas","Mini-projeto: analisador de vendas com Streams","io-cli-serialization","35","legacy-html-generated-metadata","platform/public/content/chapters/mini-analisador-vendas.html","java-io","formato-de-entrada|sequencia-de-implementacao|consultas-obrigatorias|saida-esperada|checkpoint-antes-de-concluir|execucao-guiada-e-evidencias","718","0","2","0","2","approved","false","true","true","aprovado",""
"big-o","Complexidade de Algoritmos (Big O)","algorithms-data-structures","40","legacy-html-generated-metadata","platform/public/content/chapters/big-o.html","zenith-cli-inicial","as-complexidades-mais-comuns-da-melhor-para-a-pior|complexidade-de-espaco-nao-so-de-tempo","868","1","1","0","2","approved","false","true","true","aprovado",""
"recursao","Recursão","algorithms-data-structures","41","legacy-html-generated-metadata","platform/public/content/chapters/recursao.html","big-o","os-dois-ingredientes-obrigatorios-de-toda-recursao|visualizando-a-pilha-de-chamadas|recursao-vs-iteracao-quando-cada-uma-vence","1164","2","1","0","2","approved","false","true","true","aprovado",""
"ordenacao-busca","Algoritmos de Ordenação & Busca","algorithms-data-structures","42","legacy-html-generated-metadata","platform/public/content/chapters/ordenacao-busca.html","recursao","busca-binaria-a-aplicacao-direta-da-arvore-do-capitulo-anterior|merge-sort-dividir-para-conquistar-o-n-log-n","841","1","1","0","2","approved","false","true","true","aprovado",""
"algoritmos-praticos","Estruturas e algoritmos essenciais na prática","algorithms-data-structures","43","legacy-html-generated-metadata","platform/public/content/chapters/algoritmos-praticos.html","ordenacao-busca","como-ler-custos-e-estruturas|busca-em-grafos|padroes-de-resolucao|benchmark-sem-autoengano","737","1","1","0","2","approved","false","true","true","aprovado",""
"git","Git & fluxo de trabalho","testing-engineering","45","legacy-html-generated-metadata","platform/public/content/chapters/git.html","zenith-cli-inicial","o-ciclo-basico-working-directory-staging-commit|branches-trabalhando-em-paralelo-sem-quebrar-o-principal|o-modelo-mental-completo-working-tree-staging-commit-branch-remote|remoto-clone-fetch-pull-e-push|desfazendo-mudancas-restore-revert-e-reset|guardando-trabalho-em-progresso-stash|reflog-a-rede-de-seguranca-contra-eu-perdi-meu-commit|tags-marcando-um-ponto-especifico-do-historico|detached-head-quando-voce-nao-esta-em-cima-de-nenhum-branch|pull-request-a-unidade-social-do-trabalho-em-equipe|merge-vs-rebase","1957","2","1","0","2","approved","false","true","true","aprovado",""
"build","Maven & Gradle","testing-engineering","46","legacy-html-generated-metadata","platform/public/content/chapters/build.html","git","maven-configuracao-declarativa-em-xml|gradle-configuracao-em-codigo-groovy-kotlin-dsl|configurations-do-gradle-implementation-api-compileonly-runtimeonly|grafo-de-tasks-e-cache-incremental|estrutura-padrao-de-diretorios-maven-e-gradle-compartilham-a-convencao|lifecycle-phase-e-goal-maven|dependencias-transitivas-exclusoes-e-dependencymanagement|maven-wrapper-build-reproduzivel-sem-funciona-na-minha-maquina|escopos-de-dependencia-maven-e-por-que-importam","1759","2","1","0","2","approved","false","true","true","aprovado",""
"anotacoes","Anotações & Reflection","application-design","65","legacy-html-generated-metadata","platform/public/content/chapters/anotacoes.html","build","criando-sua-propria-anotacao|reflection-inspecionando-classes-em-tempo-de-execucao|aprofundando-em-reflection-o-mapa-completo-da-api|anotacoes-padrao-mais-usadas-fora-do-spring","1581","2","1","0","2","approved","false","true","true","aprovado",""
"json","JSON & serialização","io-cli-serialization","36","legacy-html-generated-metadata","platform/public/content/chapters/json.html","mini-analisador-vendas","objeto-java-dto-e-json-nao-sao-a-mesma-coisa|de-json-para-dto-java-desserializacao|jackson-com-classes-javabeans|controlando-o-contrato-com-anotacoes|records-e-json|campos-desconhecidos-o-json-de-entrada-nem-sempre-bate-100-com-o-dto|ausente-nao-e-o-mesmo-que-null|datas-java-time-precisa-do-modulo-certo|colecoes-genericas-o-problema-do-type-erasure-na-desserializacao|tratando-erros-de-des-serializacao","1591","2","1","0","2","approved","false","true","true","aprovado",""
"logging","Logging & configuração externa","testing-engineering","48","legacy-html-generated-metadata","platform/public/content/chapters/logging.html","debugging","por-que-nao-usar-system-out-println-em-producao|niveis-de-log-do-mais-ao-menos-verboso|configuracao-externa-por-que-nada-de-senha-hardcoded","708","1","1","0","2","approved","false","true","true","aprovado",""
"mini-importador-pedidos","Mini-projeto: importador de pedidos","io-cli-serialization","38","legacy-html-generated-metadata","platform/public/content/chapters/mini-importador-pedidos.html","process-api-cli|json","contrato-de-entrada|arquitetura-minima|requisitos|formato-do-relatorio-json|checkpoint-antes-de-concluir|execucao-guiada-e-evidencias","698","0","2","0","2","approved","false","true","true","aprovado",""
"solid","SOLID & boas práticas","application-design","66","legacy-html-generated-metadata","platform/public/content/chapters/solid.html","interfaces|abstracao","composicao-sobre-heranca","1081","1","1","0","2","approved","false","true","true","aprovado",""
"di","Injeção de dependência (na mão)","application-design","67","legacy-html-generated-metadata","platform/public/content/chapters/di.html","javamoderno|solid|anotacoes","o-problema-acoplamento-a-implementacoes-concretas|a-solucao-inverter-quem-cria-a-dependencia|um-container-de-di-simples-feito-a-mao|os-tres-tipos-de-injecao","963","1","1","0","2","approved","false","true","true","aprovado",""
"padroes","Padrões de projeto essenciais","application-design","68","legacy-html-generated-metadata","platform/public/content/chapters/padroes.html","di","padroes-de-projeto-essenciais","772","1","1","0","2","approved","false","true","true","aprovado",""
"clean-code","Clean Code & Refatoração","application-design","69","legacy-html-generated-metadata","platform/public/content/chapters/clean-code.html","solid|padroes","nomes-que-contam-a-historia-sozinhos|funcoes-pequenas-fazendo-uma-coisa-so|refatoracao-mudando-a-estrutura-sem-mudar-o-comportamento","963","1","1","0","2","approved","false","true","true","aprovado",""
"projetospring","Projeto final — mini-framework pré-Spring","application-design","70","legacy-html-generated-metadata","platform/public/content/chapters/projetospring.html","anotacoes|di|padroes|clean-code","projeto-final-mini-framework-pre-spring","789","1","1","1","2","approved","false","true","true","aprovado",""
"http","HTTP & APIs REST","http-api-clients","53","legacy-html-generated-metadata","platform/public/content/chapters/http.html","testes|json","metodos-http-e-o-que-cada-um-significa|codigos-de-status-o-vocabulario-de-uma-resposta-http|anatomia-de-uma-requisicao-e-resposta|rest-recursos-nao-acoes|cliente-http-em-java-puro","879","1","1","0","2","approved","false","true","true","aprovado",""
"sql","SQL — fundamentos de banco relacional","relational-data-jdbc","58","legacy-html-generated-metadata","platform/public/content/chapters/sql.html","colecoes","criando-tabelas-ddl-data-definition-language|crud-em-sql-insert-select-update-delete|join-combinando-tabelas-relacionadas|agregacoes-group-by-count-sum-avg|transacoes-tudo-ou-nada|indices-por-que-consultas-ficam-rapidas-ou-lentas","1946","2","1","0","2","approved","false","true","true","aprovado",""
"postgres","PostgreSQL na prática","relational-data-jdbc","59","legacy-html-generated-metadata","platform/public/content/chapters/postgres.html","sql","tipos-de-dados-que-voce-vai-usar-o-tempo-todo|explain-enxergando-o-que-o-banco-realmente-faz|conectando-do-java-via-jdbc-revisao-aplicada","998","1","1","0","2","approved","false","true","true","aprovado",""
"postgres-concorrencia","PostgreSQL avançado: planos, MVCC, isolamento e locks","relational-data-jdbc","60","legacy-html-generated-metadata","platform/public/content/chapters/postgres-concorrencia.html","postgres|sql","vocabulario-antes-da-disputa|modelagem-e-constraints-primeiro|mvcc-e-niveis-de-isolamento|planos-de-execucao","787","1","1","0","2","approved","false","true","true","aprovado",""
"migrations","Migrations — versionando o schema","relational-data-jdbc","61","legacy-html-generated-metadata","platform/public/content/chapters/migrations.html","postgres|git","flyway-convencao-de-nomes-que-vira-ordem-de-execucao|flyway-com-spring-boot-quase-zero-configuracao","768","1","1","0","2","approved","false","true","true","aprovado",""
"jdbc","JDBC & banco de dados","relational-data-jdbc","62","legacy-html-generated-metadata","platform/public/content/chapters/jdbc.html","sql|excecoes","conexao-statement-e-resultset|insert-update-delete|transacoes-commit-rollback-e-por-que-autocommit-true-engana|batch-agrupando-varias-operacoes-em-uma-unica-viagem-de-rede|chaves-geradas-recuperando-o-id-gerado-pelo-banco-apos-um-insert|wasnull-distinguindo-zero-de-null|sqlexception-sqlstate-codigo-do-fornecedor-e-traducao|connection-pool-por-que-ninguem-abre-conexao-crua-em-producao|mapeando-resultset-para-objetos-o-embriao-do-orm|testando-jdbc-de-verdade-banco-real-nao-simulado","2104","2","1","0","2","approved","false","true","true","aprovado",""
"mini-financas-jdbc","Mini-projeto: finanças pessoais com PostgreSQL","relational-data-jdbc","63","legacy-html-generated-metadata","platform/public/content/chapters/mini-financas-jdbc.html","jdbc|postgres|migrations","requisitos|checkpoint-antes-de-concluir|execucao-guiada-e-evidencias","565","0","2","1","2","approved","false","true","true","aprovado",""
"spring-core","Spring Core — IoC/DI oficial","spring-api","74","legacy-html-generated-metadata","platform/public/content/chapters/spring-core.html","projetospring|build","de-componente-injetar-para-as-anotacoes-reais-do-spring|as-especializacoes-de-component-e-por-que-existem|escopos-de-bean|configuration-e-bean-quando-voce-nao-controla-a-classe|como-o-container-realmente-resolve-e-cria-beans","1171","1","1","0","2","approved","false","true","true","aprovado",""
"spring-boot-fundamentos","Spring Boot por dentro: bootstrap, auto-configuração e configuração tipada","spring-api","75","legacy-html-generated-metadata","platform/public/content/chapters/spring-boot-fundamentos.html","spring-core|build","o-que-acontece-quando-a-aplicacao-inicia|auto-configuracao-nao-e-magica-e-uma-classe-configuration-com-condicoes|laboratorio-descobrindo-auto-configuracao-de-verdade-nao-so-ouvindo-fala|configuracao-tipada|property-sources-e-a-ordem-de-precedencia|logging-inicial-e-encerramento-gracioso|starters-e-versoes","1500","2","1","0","2","approved","false","true","true","aprovado",""
"devtools","Spring Boot DevTools","spring-api","76","legacy-html-generated-metadata","platform/public/content/chapters/devtools.html","spring-boot-fundamentos","por-que-o-restart-do-devtools-e-rapido-dois-classloaders-nao-um","877","1","1","0","2","approved","false","true","true","aprovado",""
"lombok","Lombok — eliminando boilerplate","spring-api","77","legacy-html-generated-metadata","platform/public/content/chapters/lombok.html","encapsulamento|anotacoes|spring-core","instalando-maven-gradle-e-o-annotation-processor|anotacoes-mais-usadas|delombok-vendo-o-codigo-real-que-o-lombok-gera|lombok-config-regras-de-projeto-para-o-lombok","1512","2","1","0","2","approved","false","true","true","aprovado",""
"spring-mvc","Spring Web / MVC — controllers REST","spring-api","78","legacy-html-generated-metadata","platform/public/content/chapters/spring-mvc.html","spring-boot-fundamentos|http-wire-contract|java-httpclient-json","o-que-acontece-antes-do-seu-controller-dispatcherservlet|tratamento-de-excecao-quem-decide-a-resposta-de-erro|multipart-recebendo-arquivos|testando-de-verdade-webmvctest-e-mockmvc","1598","2","1","0","2","approved","false","true","true","aprovado",""
"spring-jpa","Spring Data JPA — repositories & relacionamentos","spring-api","79","legacy-html-generated-metadata","platform/public/content/chapters/spring-jpa.html","jdbc|spring-mvc|lombok","entity-mapeando-classe-java-para-tabela|jparepository-implementacao-gerada-por-proxy-nao-magica|query-quando-o-nome-do-metodo-nao-basta|relacionamentos-onetomany-manytoone-manytomany|igualdade-de-entidade-por-que-equals-hashcode-aqui-e-traicoeiro","1284","1","1","0","2","approved","false","true","true","aprovado",""
"jpa-transacoes","JPA profundo e transações Spring","spring-api","80","legacy-html-generated-metadata","platform/public/content/chapters/jpa-transacoes.html","spring-jpa|migrations","o-mapa-minimo-entre-objetos-e-banco|flush-nao-e-commit|propagacao-isolamento-e-rollback|requires-new-e-nested-com-exemplo-e-limite-real|deadlock-e-lost-update-as-duas-falhas-de-concorrencia-que-todo-sistema-c|por-que-uma-chamada-http-externa-dentro-de-uma-transacao-e-um-problema-r|testando-concorrencia-de-verdade|o-limite-do-proxy|relacionamentos-e-igualdade","1427","1","1","0","2","approved","false","true","true","aprovado",""
"dto-mapping","DTO Mapping — Entity ≠ DTO","spring-api","81","legacy-html-generated-metadata","platform/public/content/chapters/dto-mapping.html","spring-mvc|spring-jpa","mapeamento-manual-entenda-antes-de-automatizar|mapstruct-automatizando-o-boilerplate-obvio","776","1","1","0","2","approved","false","true","true","aprovado",""
"validacao-erros","Bean Validation & tratamento global de erros","spring-api","82","legacy-html-generated-metadata","platform/public/content/chapters/validacao-erros.html","dto-mapping|excecoes","bean-validation-seu-naonulo-oficial|controlleradvice-centralizando-o-tratamento-de-erro","803","1","1","0","2","approved","false","true","true","aprovado",""
"paginacao-swagger","Paginação, filtros & documentação com Swagger","spring-api","83","legacy-html-generated-metadata","platform/public/content/chapters/paginacao-swagger.html","validacao-erros|spring-jpa","swagger-openapi-documentacao-que-se-atualiza-sozinha","591","1","1","0","2","approved","false","true","true","aprovado",""
"api-design-avancado","Contratos HTTP: idempotência, concorrência e evolução de APIs","spring-api","84","legacy-html-generated-metadata","platform/public/content/chapters/api-design-avancado.html","paginacao-swagger|jpa-transacoes","a-requisicao-como-contrato-completo|problem-details|idempotencia-e-concorrencia-otimista-http|paginacao-e-evolucao","581","1","1","0","2","approved","false","true","true","aprovado",""
"n-mais-1","O problema N+1","spring-api","85","legacy-html-generated-metadata","platform/public/content/chapters/n-mais-1.html","spring-jpa|paginacao-swagger","enxergando-o-problema-com-explain-e-logs|batch-fetching-quando-lazy-sozinho-ainda-e-lento-demais|n-1-paginacao-por-que-join-fetch-de-uma-colecao-quebra-o-pageable","1182","1","1","0","2","approved","false","true","true","aprovado",""
"cors-rate-limit","CORS & rate limiting","spring-api","86","legacy-html-generated-metadata","platform/public/content/chapters/cors-rate-limit.html","spring-mvc|api-design-avancado","cors-por-que-o-navegador-bloqueia-sua-propria-api|configurando-cors-no-spring|o-preflight-a-requisicao-options-que-o-navegador-manda-sozinho|rate-limiting-primeira-linha-de-defesa-contra-abuso","962","1","1","0","2","approved","false","true","true","aprovado",""
"mini-helpdesk-api","Mini-projeto: API de help desk com Spring","spring-api","87","legacy-html-generated-metadata","platform/public/content/chapters/mini-helpdesk-api.html","cors-rate-limit|n-mais-1|validacao-erros","contrato|regras-minimas|checkpoint-antes-de-concluir|execucao-guiada-e-evidencias","626","0","2","1","2","approved","false","true","true","aprovado",""
"testes","Testes unitários","testing-engineering","49","legacy-html-generated-metadata","platform/public/content/chapters/testes.html","logging","anatomia-de-um-teste-junit-5|principais-assertions|beforeeach-aftereach-e-ciclo-de-vida|testes-parametrizados-um-teste-varios-cenarios|mocks-isolando-dependencias|tdd-test-driven-development-em-3-passos","1077","2","1","0","2","approved","false","true","true","aprovado",""
"mockito","Mockito — Mocks & Dublês de Teste","testing-engineering","50","legacy-html-generated-metadata","platform/public/content/chapters/mockito.html","testes|interfaces","o-vocabulario-completo-de-dubles-de-teste|mock-injectmocks-e-a-anotacao-que-dispara-tudo|when-thenreturn-programando-o-comportamento-do-mock|verify-confirmando-interacoes-nao-so-valores-de-retorno","1000","1","1","0","2","approved","false","true","true","aprovado",""
"mini-reservas-testadas","Mini-projeto: motor de reservas guiado por testes","testing-engineering","51","legacy-html-generated-metadata","platform/public/content/chapters/mini-reservas-testadas.html","mockito|testes|colecoes|encapsulamento","matriz-minima|checkpoint-antes-de-concluir|execucao-guiada-e-evidencias","635","0","2","1","2","approved","false","true","true","aprovado",""
"projeto","Projeto final — sistema de biblioteca","testing-engineering","52","legacy-html-generated-metadata","platform/public/content/chapters/projeto.html","mini-biblioteca-cli|colecoes|java-io|mini-reservas-testadas","execucao-guiada-e-evidencias","1041","1","1","1","2","approved","false","true","true","aprovado",""
"autenticacao-conceitos","Autenticação: sessão vs JWT vs OAuth2","api-security-quality","89","legacy-html-generated-metadata","platform/public/content/chapters/autenticacao-conceitos.html","http|json|anotacoes","sessao-tradicional-cookie-estado-no-servidor|jwt-json-web-token-o-token-que-carrega-a-propria-informacao|oauth2-delegando-autorizacao-para-terceiros","1108","1","1","0","2","approved","false","true","true","aprovado",""
"spring-security","Spring Security na prática","api-security-quality","90","legacy-html-generated-metadata","platform/public/content/chapters/spring-security.html","autenticacao-conceitos|spring-mvc|anotacoes","anatomia-real-da-requisicao-ao-securitycontext|userdetailsservice-e-daoauthenticationprovider-o-login-de-verdade|emitindo-e-validando-o-jwt-com-resource-server-caminho-recomendado|laboratorio-avancado-escrevendo-seu-proprio-filtro-jwt|autorizacao-com-preauthorize-agora-com-method-security-habilitada|codificando-senhas-nunca-em-texto-puro|csrf-a-pergunta-certa-antes-de-desabilitar|401-vs-403-authenticationentrypoint-e-accessdeniedhandler|sessao-fixacao-e-logout-mesmo-numa-aplicacao-majoritariamente-stateless|testando-seguranca-spring-security-test-e-mockmvc","3066","2","1","0","2","approved","false","true","true","aprovado",""
"security-oidc","OAuth 2.0, OpenID Connect e Resource Server seguros","api-security-quality","91","legacy-html-generated-metadata","platform/public/content/chapters/security-oidc.html","spring-security|http","quem-e-quem-no-fluxo-de-identidade|authorization-code-com-pkce|protecoes-do-navegador-usadas-no-exemplo|quatro-mecanismos-que-nao-sao-equivalentes|cookies-e-tokens-mudam-o-risco|ameacas-que-o-capitulo-basico-nao-cobre-sozinho","971","1","1","0","2","approved","false","true","true","aprovado",""
"https","HTTPS & certificados","api-security-quality","92","legacy-html-generated-metadata","platform/public/content/chapters/https.html","autenticacao-conceitos","como-funciona-em-conceito|o-handshake-como-cliente-e-servidor-combinam-uma-chave-sem-nunca-envia-l|cadeia-de-confianca-por-que-seu-navegador-confia-num-certificado-que-nun|self-signed-vs-certificado-de-ca-real|hsts-fechando-a-porta-do-primeiro-acesso-em-http-puro|onde-o-tls-termina-load-balancer-proxy-vs-aplicacao|onde-https-se-conecta-com-o-resto-do-que-voce-ja-aprendeu","1788","2","1","0","2","approved","false","true","true","aprovado",""
"mini-auth-rbac","Mini-projeto: autenticação e autorização por papéis","api-security-quality","93","legacy-html-generated-metadata","platform/public/content/chapters/mini-auth-rbac.html","spring-security|security-oidc|https","cenarios-de-ataque-e-defesa|checkpoint-antes-de-concluir|execucao-guiada-e-evidencias","587","0","2","1","2","approved","false","true","true","aprovado",""
"docker-conceitos","Docker — conceitos & instalação","containers-integration-data","97","legacy-html-generated-metadata","platform/public/content/chapters/docker-conceitos.html","git|build","imagem-vs-container-a-distincao-fundamental|volumes-persistindo-dados-de-verdade","750","1","1","0","2","approved","false","true","true","aprovado",""
"dockerfile","Dockerfile & multi-stage build","containers-integration-data","98","legacy-html-generated-metadata","platform/public/content/chapters/dockerfile.html","docker-conceitos|build","multi-stage-build-a-solucao-real","680","1","1","0","2","approved","false","true","true","aprovado",""
"compose","Docker Compose — app + banco juntos","containers-integration-data","99","legacy-html-generated-metadata","platform/public/content/chapters/compose.html","dockerfile","docker-compose-app-banco-juntos","573","1","1","0","2","approved","false","true","true","aprovado",""
"testcontainers","Testcontainers & banco de teste isolado","containers-integration-data","100","legacy-html-generated-metadata","platform/public/content/chapters/testcontainers.html","testes|docker-conceitos|spring-jpa","como-funciona-um-banco-real-descartavel-por-execucao|por-que-nunca-testar-contra-o-banco-de-dev-ou-producao","721","1","1","0","2","approved","false","true","true","aprovado",""
"estrategia-testes","Estratégia de testes: slices, contratos, concorrência e qualidade","containers-integration-data","101","legacy-html-generated-metadata","platform/public/content/chapters/estrategia-testes.html","testcontainers|mockito|api-contract-evolution","da-unidade-a-jornada-completa|assincrono-contratos-e-mutacao","512","1","1","0","2","approved","false","true","true","aprovado",""
"nosql","NoSQL — conceitos & quando usar","containers-integration-data","102","legacy-html-generated-metadata","platform/public/content/chapters/nosql.html","sql|json","as-quatro-familias-principais|sql-vs-nosql-a-pergunta-certa-nao-e-qual-e-melhor","735","1","1","0","2","approved","false","true","true","aprovado",""
"mongodb","MongoDB na prática","containers-integration-data","103","legacy-html-generated-metadata","platform/public/content/chapters/mongodb.html","nosql|docker-conceitos","documentos-a-unidade-basica|embedding-vs-referencing-a-decisao-central-de-modelagem|consultas-mais-elaboradas","827","1","1","0","2","approved","false","true","true","aprovado",""
"redis","Redis — cache & estruturas em memória","containers-integration-data","104","legacy-html-generated-metadata","platform/public/content/chapters/redis.html","nosql|colecoes","as-estruturas-de-dados-do-redis-nao-e-so-chave-valor-simples|cache-aside-o-padrao-mais-comum-na-pratica","890","1","1","0","2","approved","false","true","true","aprovado",""
"nosql-operacional","MongoDB e Redis operacionais: índices, consistência, persistência e escala","containers-integration-data","105","legacy-html-generated-metadata","platform/public/content/chapters/nosql-operacional.html","mongodb|redis","do-modelo-a-operacao|mongodb-modelo-orientado-ao-acesso|redis-cache-nao-e-banco-descartavel-por-definicao|locks-e-coordenacao","725","1","1","0","2","approved","false","true","true","aprovado",""
"hospedagem-db","Onde hospedar o banco: dev, teste & produção","containers-integration-data","106","legacy-html-generated-metadata","platform/public/content/chapters/hospedagem-db.html","postgres|compose|testcontainers|nosql-operacional","banco-gerenciado-por-que-nao-simplesmente-rodar-postgres-em-um-servidor-","767","1","1","0","2","approved","false","true","true","aprovado",""
"resilience","Resiliência com Resilience4j: Circuit Breaker, Retry, Bulkhead e Rate Limiter","resilience-observability","125","legacy-html-generated-metadata","platform/public/content/chapters/resilience.html","coupled-services-lab|webclient|anotacoes","os-tres-estados-do-circuito|configuracao-real-parametros-que-decidem-o-comportamento-nao-so-ativar|retry-como-padrao-proprio-nao-e-tentar-de-novo-ingenuo|bulkhead-isolando-o-dano-de-uma-dependencia-lenta|rate-limiter-protegendo-o-outro-lado-e-sua-propria-cota-de-voce-mesmo|classificacao-de-falha-nem-toda-excecao-deveria-contar-contra-o-circuito|composicao-na-pratica|observabilidade-veja-o-estado-do-circuito-nao-adivinhe|testando-resiliencia-forcando-o-circuito-a-abrir-sem-esperar-falhas-reai","1830","2","1","0","2","approved","false","true","true","aprovado",""
"webclient","WebClient, RestClient & RestTemplate — consumindo APIs externas","synchronous-integration","121","legacy-html-generated-metadata","platform/public/content/chapters/webclient.html","http|java-httpclient-json|unreliable-api-client|spring-mvc","webclient-cliente-nao-bloqueante-e-reativo|resttemplate-o-cliente-classico-ainda-comum-em-codigo-legado|restclient-a-opcao-moderna-para-mvc-sincrono-na-pratica|request-factories-e-connection-pooling-quem-realmente-abre-a-conexao-tcp|interceptors-injetando-comportamento-transversal-em-toda-chamada|status-handling-decidir-o-que-4xx-5xx-significam-para-o-seu-dominio|testando-sem-depender-do-servico-externo-real","1494","2","1","0","2","approved","false","true","true","aprovado",""
"spring-aop","Spring AOP — formalizando o dynamic proxy","resilience-observability","126","legacy-html-generated-metadata","platform/public/content/chapters/spring-aop.html","anotacoes|spring-security|resilience|jpa-transacoes","os-tipos-de-advice|uma-anotacao-customizada-como-o-seu-logexecucao-do-capitulo-20-agora-fun|jdk-dynamic-proxy-vs-cglib-como-o-spring-decide-o-mecanismo|weaving-por-que-o-proxy-so-intercepta-chamadas-vindas-de-fora","1257","1","1","0","2","approved","false","true","true","aprovado",""
"spring-cache","Spring Cache Abstraction","resilience-observability","127","legacy-html-generated-metadata","platform/public/content/chapters/spring-cache.html","redis|spring-aop|nosql-operacional","key-generation-como-o-spring-decide-a-chave-do-cache|cache-stampede-quando-a-expiracao-vira-um-problema-de-escala|ttl-o-cache-nao-deveria-durar-para-sempre","953","1","1","0","2","approved","false","true","true","aprovado",""
"actuator","Spring Boot Actuator & health checks","resilience-observability","128","legacy-html-generated-metadata","platform/public/content/chapters/actuator.html","spring-boot-fundamentos|compose|hardening-producao","outros-endpoints-uteis|exposicao-so-o-que-voce-decide-nunca-tudo-por-padrao|healthindicator-customizado-seu-proprio-criterio-de-saudavel|micrometer-o-mecanismo-real-por-tras-de-actuator-metrics|readiness-e-liveness-dois-sinais-diferentes-uma-confusao-comum","950","1","1","0","2","approved","false","true","true","aprovado",""
"observabilidade-pratica","Observabilidade com logs, métricas, traces e SLOs","resilience-observability","129","legacy-html-generated-metadata","platform/public/content/chapters/observabilidade-pratica.html","actuator|logging|resilience|coupled-services-lab","os-tres-sinais-antes-das-ferramentas|logs-estruturados|metricas-e-cardinalidade|sli-slo-e-alertas|readiness-e-liveness","673","1","1","0","2","approved","false","true","true","aprovado",""
"secrets","Variáveis de ambiente & secrets em produção","production-delivery","113","legacy-html-generated-metadata","platform/public/content/chapters/secrets.html","logging|git|spring-security|unreliable-api-client","o-arquivo-env-nunca-vai-para-o-git|como-cada-provedor-gerencia-secrets-em-producao|build-time-vs-runtime-secrets-uma-distincao-que-confunde-muita-gente","744","1","1","0","2","approved","false","true","true","aprovado",""
"cicd","CI/CD com GitHub Actions","production-delivery","114","legacy-html-generated-metadata","platform/public/content/chapters/cicd.html","git|testcontainers|dockerfile|estrategia-testes","um-pipeline-basico|adicionando-build-e-push-da-imagem-docker|o-ciclo-completo-da-branch-ao-deploy","769","1","1","0","2","approved","false","true","true","aprovado",""
"praticas-producao","Práticas de produção: parity, backup, feature flags & versionamento","production-delivery","115","legacy-html-generated-metadata","platform/public/content/chapters/praticas-producao.html","hospedagem-db|http|cicd|compose","praticas-de-producao-parity-backup-feature-flags-versionamento","828","1","1","0","2","approved","false","true","true","aprovado",""
"hardening-producao","Hardening, entrega segura e recuperação operacional","production-delivery","116","legacy-html-generated-metadata","platform/public/content/chapters/hardening-producao.html","dockerfile|cicd|praticas-producao|logging","da-imagem-ao-servico-recuperavel|imagem-minima-e-processo-correto|deploy-e-rollback|backup-nao-e-recuperacao","588","1","1","0","2","approved","false","true","true","aprovado",""
"deploy-backend","Deploy do back-end em produção","production-delivery","117","legacy-html-generated-metadata","platform/public/content/chapters/deploy-backend.html","dockerfile|secrets|hospedagem-db|cicd|hardening-producao","deploy-via-railway-paas-o-caminho-mais-direto|deploy-via-vps-com-docker-compose|configurando-o-dominio-e-https","805","1","1","0","2","approved","false","true","true","aprovado",""
"spring-profiles","Spring Profiles avançado","production-delivery","118","legacy-html-generated-metadata","platform/public/content/chapters/spring-profiles.html","logging|praticas-producao|spring-boot-fundamentos|secrets","beans-condicionais-por-profile","568","1","1","0","2","approved","false","true","true","aprovado",""
"mini-deploy-observavel","Mini-projeto: deploy reproduzível e observável","production-delivery","119","legacy-html-generated-metadata","platform/public/content/chapters/mini-deploy-observavel.html","deploy-backend|spring-profiles|hardening-producao","definition-of-done|experimento-de-falha|checkpoint-antes-de-concluir|execucao-guiada-e-evidencias","591","0","2","1","2","approved","false","true","true","aprovado",""
"threads","Threads & concorrência","concurrency-network-tui","107","legacy-html-generated-metadata","platform/public/content/chapters/threads.html","streams","criando-threads-duas-formas|o-problema-race-condition|synchronized-exclusao-mutua|a-alternativa-moderna-java-util-concurrent","1028","2","1","0","2","approved","false","true","true","aprovado",""
"mensageria","Mensageria — conceitos","messaging-eda","130","legacy-html-generated-metadata","platform/public/content/chapters/mensageria.html","coupled-services-lab|http|json","por-que-nao-simplesmente-chamar-a-outra-api-direto|fila-queue-vs-publish-subscribe-pub-sub|garantias-de-entrega-o-que-pode-dar-errado|idempotencia-a-habilidade-que-salva-sistemas-de-mensageria","967","1","1","0","2","approved","false","true","true","aprovado",""
"kafka","Kafka na prática","messaging-eda","137","legacy-html-generated-metadata","platform/public/content/chapters/kafka.html","messaging-model|compose","topicos-e-particoes-o-vocabulario-do-kafka|producer-e-consumer-em-java-puro|consumer-groups-como-kafka-escala-consumidores","909","1","1","0","2","approved","false","true","true","aprovado",""
"spring-kafka","Spring Kafka — integração","messaging-eda","138","legacy-html-generated-metadata","platform/public/content/chapters/spring-kafka.html","kafka|di|json","produzindo-eventos-kafkatemplate-serializer-real-nao-concatenacao-de-str|consumindo-eventos-kafkalistener-o-listener-container-e-concorrencia|commit-de-offset-e-modos-de-acknowledgment|erros-no-consumer-defaulterrorhandler-retry-e-dead-letter-topic|testando-com-testcontainers","1354","1","1","0","2","approved","false","true","true","aprovado",""
"kafka-confiavel","Kafka confiável: schemas, retries, DLT, outbox e exactly-once","messaging-eda","139","legacy-html-generated-metadata","platform/public/content/chapters/kafka-confiavel.html","spring-kafka|jpa-transacoes","o-caminho-minimo-de-uma-mensagem|schema-e-evolucao|retry-e-dead-letter-topic|idempotent-consumer|transactional-outbox|exactly-once-limite-da-garantia","628","1","1","0","2","approved","false","true","true","aprovado",""
"pilares-profundo","Os 4 Pilares da POO — Aprofundamento Unificado","oop-modeling","22","legacy-html-generated-metadata","platform/public/content/chapters/pilares-profundo.html","interfaces","pilar-1-encapsulamento-a-fronteira-entre-o-que-e-seu-e-o-que-e-do-mundo|pilar-2-heranca-reaproveitamento-por-especializacao-com-um-custo-de-acop|pilar-3-polimorfismo-a-mesma-mensagem-respostas-diferentes-decididas-em-|pilar-4-abstracao-modelando-so-o-que-importa-para-o-problema-em-questao|como-os-quatro-pilares-se-sustentam-mutuamente","1598","1","1","0","2","approved","false","true","true","aprovado",""
"di-ioc-profundo","Injeção de Dependência, IoC & Ciclo de Vida de Beans — Aprofundamento","application-design","71","legacy-html-generated-metadata","platform/public/content/chapters/di-ioc-profundo.html","di|anotacoes|projetospring","inversao-de-controle-ioc-nao-e-a-mesma-coisa-que-injecao-de-dependencia-|o-ciclo-de-vida-completo-de-um-bean-cada-etapa-em-ordem-exata|beanfactory-vs-applicationcontext-a-fundacao-por-tras-do-container|dependencias-circulares-quando-o-grafo-nao-tem-ordem-valida","1618","1","1","0","2","approved","false","true","true","aprovado",""
"jvm-profundo","JVM, Bytecode e Gerenciamento de Memória — Aprofundamento","java-core","32","legacy-html-generated-metadata","platform/public/content/chapters/jvm-profundo.html","functional-semantics-lab","do-java-ao-processo-rodando-o-caminho-completo-passo-a-passo|interpretacao-vs-jit-por-que-java-esquenta-com-o-tempo|a-memoria-da-jvm-um-mapa-completo-nao-so-stack-e-heap|por-que-o-heap-e-dividido-em-geracoes|o-garbage-collector-como-a-jvm-decide-o-que-e-lixo|modelo-de-marcacao-e-recuperacao|escape-analysis-quando-uma-alocacao-pode-desaparecer","2253","2","1","0","2","approved","false","true","true","aprovado",""
"debugging","Técnicas de Debugging na Prática","testing-engineering","47","legacy-html-generated-metadata","platform/public/content/chapters/debugging.html","build","breakpoints-pausando-a-execucao-exatamente-onde-voce-precisa|conditional-breakpoints-pausando-so-quando-uma-condicao-especifica-e-ver|field-watchpoints-pausando-quando-um-campo-muda-de-valor-nao-uma-linha-e|navegando-a-execucao-pausada-step-over-step-into-step-out|inspecionando-memoria-variables-watches-e-evaluate-expression","1519","1","1","0","2","approved","false","true","true","aprovado",""
"concorrencia-profunda","Concorrência, Threads, Race Conditions & Assíncrono — Aprofundamento","concurrency-network-tui","108","legacy-html-generated-metadata","platform/public/content/chapters/concorrencia-profunda.html","threads|jvm-profundo","por-que-valor-nao-e-atomico-visualizacao-em-nivel-de-instrucao|visibilidade-de-memoria-um-problema-diferente-de-race-condition|deadlock-quando-duas-threads-travam-esperando-uma-pela-outra-para-sempre|livelock-e-starvation-os-primos-menos-famosos-do-deadlock|programacao-assincrona-completablefuture","1519","1","1","0","2","approved","false","true","true","aprovado",""
"arquitetura-software","Arquitetura de Software","application-design","72","legacy-html-generated-metadata","platform/public/content/chapters/arquitetura-software.html","clean-code|projetospring|mini-financas-jdbc|pure-java-api-project","monolito-vs-microsservicos-a-decisao-mais-debatida-da-engenharia-moderna|arquitetura-em-camadas-a-que-voce-ja-construiu|arquitetura-hexagonal-ports-adapters-indo-um-passo-alem","972","1","1","0","2","approved","false","true","true","aprovado",""
"ddd","Domain-Driven Design (DDD)","application-design","73","legacy-html-generated-metadata","platform/public/content/chapters/ddd.html","arquitetura-software|encapsulamento|mini-financas-jdbc","ubiquitous-language-o-vocabulario-compartilhado|entity-vs-value-object-uma-distincao-que-vai-alem-da-entity-jpa|aggregate-a-fronteira-de-consistencia|bounded-context-onde-os-microsservicos-do-capitulo-anterior-encontram-dd","956","1","1","0","2","approved","false","true","true","aprovado",""
"ddd-estrategico","DDD estratégico, context mapping e integração entre domínios","synchronous-integration","122","legacy-html-generated-metadata","platform/public/content/chapters/ddd-estrategico.html","ddd|arquitetura-software|dto-mapping","primeiro-modelo-linguagem-e-fronteira|context-map|agregados-e-transacoes|servicos-fabricas-e-repositorios","551","1","1","0","2","approved","false","true","true","aprovado",""
"sistemas-distribuidos","Sistemas Distribuídos: CAP & trade-offs de arquitetura sênior","distributed-consistency","142","legacy-html-generated-metadata","platform/public/content/chapters/sistemas-distribuidos.html","arquitetura-software|mensageria|hospedagem-db|resilience","o-teorema-cap|consistencia-eventual-a-resposta-pratica-mais-comum|padrao-saga-transacoes-atraves-de-multiplos-servicos","1114","1","1","0","2","approved","false","true","true","aprovado",""
"consistencia-distribuida","Consistência distribuída: CAP correto, PACELC, tempo e resiliência","distributed-consistency","143","legacy-html-generated-metadata","platform/public/content/chapters/consistencia-distribuida.html","sistemas-distribuidos|resilience","base-para-falar-de-consistencia|pacelc-e-modelos-de-consistencia|tempo-falha-parcial-e-retries|protecoes-complementares","757","1","1","0","2","approved","false","true","true","aprovado",""
"event-driven-profundo","Arquitetura Event-Driven & Internals do Kafka — Aprofundamento","messaging-eda","140","legacy-html-generated-metadata","platform/public/content/chapters/event-driven-profundo.html","kafka|mensageria|arquitetura-software","event-driven-architecture-uma-mudanca-de-mentalidade-nao-so-de-tecnologi|anatomia-interna-de-um-topico-kafka|como-a-chave-da-mensagem-decide-a-particao|replicacao-como-kafka-sobrevive-a-queda-de-um-servidor|consumer-offset-como-kafka-lembra-ate-onde-voce-ja-leu","1629","1","1","0","2","approved","false","true","true","aprovado",""
"testes-integracao-avancados","Testes de Integração Avançados: @SpringBootTest, @DataJpaTest & Testcontainers com Kafka","messaging-eda","141","legacy-html-generated-metadata","platform/public/content/chapters/testes-integracao-avancados.html","testcontainers|mockito|spring-kafka","a-piramide-de-testes-do-spring-boot-do-mais-rapido-ao-mais-completo|datajpatest-com-testcontainers-testando-o-repository-de-verdade|testando-kafka-de-verdade-com-testcontainers","842","1","1","0","2","approved","false","true","true","aprovado",""
"mini-pedidos-eventos","Mini-projeto: pedidos orientados a eventos","distributed-consistency","146","legacy-html-generated-metadata","platform/public/content/chapters/mini-pedidos-eventos.html","saga-schema-ordering|async-integration-tests|event-driven-profundo","provas-exigidas|checkpoint-antes-de-concluir|execucao-guiada-e-evidencias","598","0","2","1","2","approved","false","true","true","aprovado",""
"estruturas-avancadas","Estruturas de Dados Avançadas","algorithms-data-structures","44","legacy-html-generated-metadata","platform/public/content/chapters/estruturas-avancadas.html","big-o|recursao|colecoes","pilha-stack-ultimo-a-entrar-primeiro-a-sair-lifo|fila-queue-primeiro-a-entrar-primeiro-a-sair-fifo|arvore-binaria-a-base-de-indices-de-banco-e-buscas-eficientes|grafo-modelando-relacionamentos-que-nao-sao-hierarquicos","1013","1","1","0","2","approved","false","true","true","aprovado",""
"code-review-adr","Code Review & Architecture Decision Records","professional-final","147","legacy-html-generated-metadata","platform/public/content/chapters/code-review-adr.html","git|clean-code|arquitetura-software","code-review-revisando-com-intencao-nao-so-procurando-erro|architecture-decision-records-adr-a-memoria-da-arquitetura","915","1","1","0","2","approved","false","true","true","aprovado",""
"agile","Metodologias Ágeis: Scrum & Kanban","professional-final","148","legacy-html-generated-metadata","platform/public/content/chapters/agile.html","git|projeto|code-review-adr","por-que-agil-existe-o-problema-do-waterfall|scrum-trabalho-em-ciclos-fixos-sprints|kanban-fluxo-continuo-sem-ciclos-fixos","800","1","1","0","2","approved","false","true","true","aprovado",""
"conectando-front-back","Conectando front-end e back-end","synchronous-integration","123","legacy-html-generated-metadata","platform/public/content/chapters/conectando-front-back.html","cors-rate-limit|json|http|frontend-aplicacao|auth-front-ts","testando-manualmente-antes-do-front-existir-postman-insomnia|fetch-requisicao-nativa-do-navegador|axios-a-alternativa-mais-usada-em-projetos-maiores","751","1","1","0","2","approved","false","true","true","aprovado",""
"auth-front-ts","Autenticação no front & pincelada de TypeScript","api-security-quality","94","legacy-html-generated-metadata","platform/public/content/chapters/auth-front-ts.html","mini-auth-rbac|autenticacao-conceitos","localstorage-vs-cookie-httponly|typescript-por-que-vale-a-pena-mesmo-sem-precisar","699","1","1","0","2","approved","false","true","true","aprovado",""
"frontend-aplicacao","Front-end aplicado: estado, formulários, acessibilidade e testes","api-security-quality","95","legacy-html-generated-metadata","platform/public/content/chapters/frontend-aplicacao.html","auth-front-ts|api-design-avancado","primeiro-contato-com-a-tela-reativa|camada-1-um-estado-local-simples|camada-2-estados-remotos-explicitos|formularios-e-acessibilidade|autenticacao-no-navegador|testes","706","1","1","0","2","approved","false","true","true","aprovado",""
"websockets","WebSockets — quando HTTP não basta","concurrency-network-tui","109","legacy-html-generated-metadata","platform/public/content/chapters/websockets.html","frontend-aplicacao|threads|spring-mvc","quando-usar-e-quando-nao-usar|spring-websocket-configuracao-basica","690","1","1","0","2","approved","false","true","true","aprovado",""
"deploy-frontend","Deploy do front-end & monorepo vs poli-repo","production-delivery","120","legacy-html-generated-metadata","platform/public/content/chapters/deploy-frontend.html","deploy-backend|git|cicd|auth-front-ts","vercel-netlify-feitos-sob-medida-para-isso|monorepo-vs-poli-repo-onde-colocar-tudo","640","1","1","0","2","approved","false","true","true","aprovado",""
"mapa-sistema","Glossário & mapa do sistema completo","professional-final","149","legacy-html-generated-metadata","platform/public/content/chapters/mapa-sistema.html","mini-pedidos-eventos|deploy-frontend|code-review-adr","o-caminho-de-uma-requisicao-ponta-a-ponta|glossario-de-termos-chave-tambem-disponivel-no-botao-flutuante","679","1","1","0","2","approved","false","true","true","aprovado",""
"projeto-integrador","Projeto final — sistema completo de ponta a ponta","professional-final","150","legacy-html-generated-metadata","platform/public/content/chapters/projeto-integrador.html","mapa-sistema|mini-pedidos-eventos|mini-deploy-observavel|code-review-adr","execucao-guiada-e-evidencias|arquitetura-de-referencia-verificavel","1001","0","1","1","2","approved","false","true","true","aprovado",""
"quiz","Quiz de revisão","professional-final","151","legacy-html-generated-metadata","platform/public/content/chapters/quiz.html","projeto-integrador|mapa-sistema","quiz-de-revisao","1466","1","21","0","2","approved","false","true","true","aprovado",""
"associacoes-cardinalidade","Associações, cardinalidade e invariantes entre objetos","oop-modeling","23","structured-typescript","platform/src/content/required-chapters.ts","pilares-profundo","associacao-e-direcao|cardinalidade|agregacao-composicao-e-ciclo-de-vida|consistencia-dos-dois-lados","920","1","5","0","2","approved","false","true","true","aprovado",""
"functional-semantics-lab","Optional, lambdas, Set e Streams por semântica","java-core","31","structured-typescript","platform/src/content/required-chapters.ts","javamoderno","optional|lambda-e-captura|set-e-igualdade|map-versus-flatmap","860","1","5","0","2","approved","false","true","true","aprovado",""
"process-api-cli","Process API: executando programas externos com segurança","io-cli-serialization","37","structured-typescript","platform/src/content/required-chapters.ts","json","processo-filho|stdout-stderr-e-exit-code|shell-e-argumentos|timeout-e-encerramento","2272","2","5","0","2","approved","false","true","true","aprovado",""
"zenith-cli-inicial","Projeto Zenith inicial: assistente CLI determinístico","io-cli-serialization","39","structured-typescript","platform/src/content/required-chapters.ts","mini-importador-pedidos","comandos-permitidos|camadas-do-zenith|evidencia-reproduzivel|limite-consciente","1207","1","5","1","2","approved","false","true","true","aprovado",""
"jdbc-under-the-hood","JDBC por baixo do CRUD","relational-data-jdbc","64","structured-typescript","platform/src/content/required-chapters.ts","jdbc|mini-financas-jdbc","driver-e-conexao|preparedstatement|resultset-e-ownership|transacao-e-erro","820","1","5","0","2","approved","false","true","true","aprovado",""
"http-wire-contract","HTTP no fio: request, response e semântica","http-api-clients","54","structured-typescript","platform/src/content/required-chapters.ts","http","request|response|metodos-e-idempotencia|cache-e-negociacao","887","1","5","0","2","approved","false","true","true","aprovado",""
"java-httpclient-json","Java HttpClient e JSON sem framework web","http-api-clients","55","structured-typescript","platform/src/content/required-chapters.ts","http-wire-contract|json|excecoes","cliente-reutilizavel|request-e-timeout|response-e-bodyhandler|json-de-fronteira","978","1","5","1","2","approved","false","true","true","aprovado",""
"unreliable-api-client","APIs externas falham: timeout, retry, limites e secrets","http-api-clients","56","structured-typescript","platform/src/content/required-chapters.ts","java-httpclient-json","timeout-deadline-e-cancelamento|retry-com-backoff-e-jitter|rate-limiting-e-paginacao|autenticacao-e-secrets","904","1","5","0","2","approved","false","true","true","aprovado",""
"pure-java-api-project","Projeto: integração entre APIs em Java puro","http-api-clients","57","structured-typescript","platform/src/content/required-chapters.ts","unreliable-api-client|testes","portas-e-adapters|composicao-de-resultados|testes-deterministicos","788","1","4","1","2","approved","false","true","true","aprovado",""
"rest-resource-contracts","REST: recursos, DTOs, validação e erros","spring-api","88","structured-typescript","platform/src/content/required-chapters.ts","pure-java-api-project|spring-mvc","modelagem-de-recurso|request-e-response-dto|erro-tecnico-e-de-dominio|concorrencia-e-idempotencia","797","1","5","0","2","approved","false","true","true","aprovado",""
"api-contract-evolution","OpenAPI, testes e evolução de contratos","api-security-quality","96","structured-typescript","platform/src/content/required-chapters.ts","rest-resource-contracts|paginacao-swagger","api-first|evolucao-compativel|camadas-de-teste|versionamento","801","1","5","0","2","approved","false","true","true","aprovado",""
"tcp-protocol-design","Sockets TCP e desenho de protocolo","concurrency-network-tui","110","structured-typescript","platform/src/content/required-chapters.ts","java-io|threads","socket-e-endpoint|framing|concorrencia-e-backpressure|timeout-e-shutdown","649","1","5","1","2","approved","false","true","true","aprovado",""
"lanterna-tui","Lanterna: uma TUI real em Java","concurrency-network-tui","111","structured-typescript","platform/src/content/required-chapters.ts","java-io|interfaces|threads","terminal|screen|gui2|event-loop-e-estado","682","1","5","1","2","approved","false","true","true","aprovado",""
"developer-tools-java","Ferramentas para desenvolvedores em Java","concurrency-network-tui","112","structured-typescript","platform/src/content/required-chapters.ts","java-io|build|logging","processbuilder|watchservice|jfr-e-jcmd","531","1","4","1","2","approved","false","true","true","aprovado",""
"coupled-services-lab","Do monólito aos serviços síncronos acoplados","synchronous-integration","124","structured-typescript","platform/src/content/required-chapters.ts","rest-resource-contracts|webclient|ddd-estrategico","monolito-modular|acoplamento-temporal|falha-parcial","513","1","4","1","2","approved","false","true","true","aprovado",""
"in-memory-event-bus","Event Bus em Java puro","messaging-eda","131","structured-typescript","platform/src/content/required-chapters.ts","coupled-services-lab|interfaces|generics","event-command-e-message|dispatch|sincronia-escondida","536","1","4","1","2","approved","false","true","true","aprovado",""
"messaging-model","Messaging: queue, pub/sub, broker e entrega","messaging-eda","132","structured-typescript","platform/src/content/required-chapters.ts","in-memory-event-bus","queue|publish-subscribe|broker-e-backpressure|delivery-semantics","590","1","5","0","2","approved","false","true","true","aprovado",""
"aws-sns-sqs","AWS SNS + SQS: fan-out durável","messaging-eda","133","structured-typescript","platform/src/content/required-chapters.ts","messaging-model|docker-conceitos","sns-topic|sqs-queue|fan-out-e-policy|standard-e-fifo","743","1","5","1","2","approved","false","true","true","aprovado",""
"delivery-failure-lab","Falhas em EDA: retry, DLQ, redrive e visibility timeout","messaging-eda","134","structured-typescript","platform/src/content/required-chapters.ts","aws-sns-sqs","idempotent-consumer|retry-e-backoff|dlq-e-redrive|visibility-timeout","656","1","5","0","2","approved","false","true","true","aprovado",""
"outbox-inbox","Transactional Outbox e Inbox","distributed-consistency","144","structured-typescript","platform/src/content/required-chapters.ts","consistencia-distribuida|delivery-failure-lab|jdbc-under-the-hood","outbox|relay-e-duplicacao|inbox|retencao-e-ordenacao","676","1","5","1","2","approved","false","true","true","aprovado",""
"saga-schema-ordering","Saga, evolução de eventos e ordering","distributed-consistency","145","structured-typescript","platform/src/content/required-chapters.ts","outbox-inbox|ddd-estrategico","saga-choreography|saga-orchestration|compensacao|schema-e-ordering","648","1","5","1","2","approved","false","true","true","aprovado",""
"eda-observability-security","Observabilidade e segurança em EDA","messaging-eda","135","structured-typescript","platform/src/content/required-chapters.ts","delivery-failure-lab|observabilidade-pratica","correlacao-e-causalidade|metricas|tracing-assincrono|seguranca","621","1","5","0","2","approved","false","true","true","aprovado",""
"async-integration-tests","Testcontainers e testes assíncronos determinísticos","messaging-eda","136","structured-typescript","platform/src/content/required-chapters.ts","testcontainers|aws-sns-sqs|delivery-failure-lab","testcontainers|kafka-container|localstack|awaitility","707","1","5","1","3","approved","false","true","true","aprovado",""
